ID,Credit_Score
0x23b8a,Standard
0x20294,Good
0x201eb,Standard
0x2134f,Standard
0x1f002,Good
0x1fbd3,Standard
0x23acd,Poor
0x21b7b,Good
0x2138a,Good
0x1f981,Standard
0x24f8d,Good
0x248a7,Standard
0x24342,Good
0x2187d,Standard
0x232e1,Good
0x21828,Poor
0x23a81,Good
0x2012f,Good
0x21d44,Standard
0x2592a,Standard
0x21464,Poor
0x1fc37,Standard
0x23631,Poor
0x21072,Standard
0x20b4a,Poor
0x20d98,Poor
0x20f30,Standard
0x20497,Good
0x1fe9b,Standard
0x22580,Good
0x1f39e,Good
0x23e35,Standard
0x1f0f3,Good
0x20b92,Standard
0x1f52e,Poor
0x24563,Standard
0x23d4f,Standard
0x1f548,Poor
0x21a92,Good
0x1ff5a,Standard
0x21ed6,Standard
0x223ff,Standard
0x25a56,Standard
0x25411,Good
0x212fe,Good
0x25dca,Good
0x24770,Standard
0x1f4be,Poor
0x232dc,Standard
0x1f215,Poor
0x22bc0,Standard
0x23ec2,Standard
0x22d4c,Good
0x209c5,Good
0x21225,Standard
0x23717,Standard
0x25452,Standard
0x20c26,Poor
0x1f0ce,Good
0x23208,Poor
0x24bd0,Poor
0x235e8,Standard
0x1fb52,Good
0x1eb6c,Standard
0x1ebb3,Standard
0x22373,Good
0x20220,Poor
0x24854,Standard
0x20b45,Poor
0x24861,Standard
0x25214,Standard
0x202d2,Poor
0x239ab,Poor
0x20f32,Good
0x25399,Standard
0x24b70,Standard
0x21c3c,Standard
0x243af,Standard
0x238ab,Standard
0x20f33,Good
0x24553,Good
0x22c10,Good
0x20340,Standard
0x1ffbc,Good
0x21bfa,Standard
0x1f22a,Standard
0x1ed5a,Good
0x1f0f5,Standard
0x1fc50,Poor
0x1ff7b,Good
0x22364,Poor
0x256ed,Standard
0x1ee22,Poor
0x1fb8d,Poor
0x22723,Poor
0x22bf7,Standard
0x1ed08,Standard
0x218b7,Poor
0x23de5,Standard
0x1fc1d,Standard
0x256b1,Poor
0x254d8,Standard
0x216a5,Poor
0x1f3db,Standard
0x218e5,Poor
0x21b1c,Good
0x23b14,Poor
0x22033,Poor
0x244d0,Standard
0x255ec,Poor
0x1f7f5,Poor
0x23cb3,Standard
0x2423d,Good
0x23626,Standard
0x233ad,Standard
0x1ee00,Standard
0x22ea8,Good
0x1f672,Good
0x21be2,Standard
0x22a55,Poor
0x241f6,Poor
0x2336f,Standard
0x23cdb,Standard
0x22598,Poor
0x215d0,Good
0x24649,Standard
0x230f5,Good
0x23d99,Poor
0x25927,Standard
0x2526b,Poor
0x20fdc,Standard
0x23528,Standard
0x240c1,Standard
0x21012,Poor
0x1fd27,Standard
0x23fa7,Poor
0x21043,Standard
0x1f119,Standard
0x23894,Standard
0x1ed2a,Standard
0x22ef6,Standard
0x243bc,Poor
0x210f6,Good
0x24c78,Poor
0x1fd11,Good
0x22bb5,Standard
0x2051c,Poor
0x23e45,Standard
0x234f7,Good
0x21256,Poor
0x24a15,Standard
0x23419,Standard
0x23abc,Standard
0x22762,Good
0x22818,Standard
0x20439,Good
0x2118c,Standard
0x208a0,Standard
0x22b07,Standard
0x20208,Standard
0x25fb9,Standard
0x1f10e,Standard
0x24c60,Standard
0x1fed9,Standard
0x21374,Poor
0x25b9c,Standard
0x1ecca,Poor
0x21643,Standard
0x2267a,Poor
0x21de7,Standard
0x220bb,Standard
0x21ee9,Standard
0x20a55,Good
0x258f0,Poor
0x22df5,Standard
0x227cd,Standard
0x1fb20,Good
0x22bb0,Poor
0x1f5ef,Standard
0x21e7c,Good
0x2309a,Good
0x256f5,Standard
0x1f7b8,Good
0x21a94,Standard
0x2310b,Standard
0x22af3,Poor
0x22b17,Standard
0x259bb,Standard
0x22e53,Poor
0x20eb7,Good
0x209aa,Standard
0x20390,Standard
0x2072d,Poor
0x2196d,Good
0x239e3,Standard
0x24443,Standard
0x1f2d7,Poor
0x214e0,Standard
0x1f814,Poor
0x2336d,Standard
0x211f4,Good
0x25c5c,Standard
0x1fa90,Good
0x20f88,Good
0x23965,Poor
0x2003d,Standard
0x22962,Good
0x25a83,Standard
0x2234c,Poor
0x1fdc3,Standard
0x24da5,Good
0x25de2,Standard
0x23694,Good
0x24d1a,Standard
0x21913,Standard
0x208ed,Standard
0x2214c,Standard
0x209e5,Good
0x20fce,Poor
0x21aad,Good
0x20d55,Poor
0x249b2,Standard
0x21456,Good
0x1eb33,Good
0x24d12,Poor
0x20324,Standard
0x252e3,Poor
0x1fc7d,Standard
0x20d82,Poor
0x201cd,Standard
0x21baa,Good
0x2150e,Standard
0x2497f,Poor
0x1fc2b,Poor
0x2291a,Poor
0x2132f,Standard
0x20894,Poor
0x23bf9,Good
0x22ad1,Poor
0x2110e,Good
0x24e30,Standard
0x21317,Good
0x20537,Poor
0x24271,Good
0x1efc6,Good
0x204d9,Standard
0x20f17,Good
0x20451,Good
0x22f43,Standard
0x25f35,Good
0x2135f,Standard
0x206ff,Poor
0x23ef6,Poor
0x1f3ba,Standard
0x1f597,Poor
0x21a02,Standard
0x21390,Standard
0x24031,Good
0x25f02,Good
0x236aa,Standard
0x23cfe,Poor
0x1f8a7,Good
0x21e92,Good
0x251dc,Standard
0x1ee52,Poor
0x24c6d,Poor
0x2521f,Standard
0x24e94,Standard
0x1ee63,Poor
0x21c39,Good
0x203e3,Good
0x24abc,Standard
0x21d7d,Poor
0x256f9,Standard
0x1ee0a,Good
0x21b10,Poor
0x2585c,Standard
0x1fe3c,Standard
0x25bf6,Poor
0x1eb01,Standard
0x21318,Standard
0x20934,Standard
0x22c09,Standard
0x22140,Good
0x2589c,Standard
0x20948,Poor
0x1ef85,Poor
0x20a99,Standard
0x20281,Standard
0x219d9,Poor
0x1f7b2,Standard
0x1fbe5,Poor
0x22932,Standard
0x20256,Good
0x2237e,Poor
0x1f2e5,Standard
0x20834,Standard
0x242c4,Standard
0x1ff92,Standard
0x20ff2,Poor
0x25026,Good
0x23477,Poor
0x242b6,Standard
0x22417,Standard
0x1fcf5,Standard
0x224a6,Standard
0x1f27f,Standard
0x24b3b,Poor
0x1fe6c,Poor
0x23aee,Good
0x23484,Poor
0x1fb83,Standard
0x1f674,Poor
0x1f996,Standard
0x1f513,Poor
0x1eb6a,Good
0x1f2ef,Standard
0x1f910,Poor
0x24bb3,Good
0x24951,Poor
0x232e7,Poor
0x24313,Standard
0x1edf8,Good
0x22e3a,Good
0x1f373,Good
0x21d0f,Poor
0x20d3b,Poor
0x1eb82,Good
0x25998,Standard
0x2004d,Standard
0x24584,Poor
0x1f13a,Good
0x25275,Standard
0x1f299,Standard
0x259a3,Good
0x1eeff,Standard
0x24af4,Good
0x22c8d,Good
0x22552,Standard
0x21ac3,Standard
0x20f0b,Standard
0x1f3c9,Standard
0x24a14,Good
0x211b0,Standard
0x1ec96,Standard
0x21615,Good
0x22f74,Standard
0x2458f,Poor
0x23687,Good
0x21c69,Poor
0x2094a,Standard
0x21bb6,Good
0x2361b,Poor
0x2361a,Good
0x22776,Poor
0x21be9,Poor
0x1f77a,Poor
0x25170,Standard
0x1f4a1,Good
0x1f280,Standard
0x24e77,Standard
0x23f49,Standard
0x2445c,Poor
0x237b4,Good
0x20502,Standard
0x21800,Poor
0x1fbb3,Standard
0x1ebfa,Standard
0x23c9f,Poor
0x1eadd,Standard
0x1fe2b,Standard
0x1f261,Standard
0x1f7a1,Good
0x222ec,Standard
0x257f4,Standard
0x1fde9,Good
0x22c2b,Standard
0x24f19,Standard
0x21bc5,Standard
0x244ae,Standard
0x1f40b,Poor
0x1fb17,Good
0x21546,Standard
0x24c49,Standard
0x24677,Poor
0x21291,Standard
0x232aa,Good
0x2153c,Standard
0x252c1,Standard
0x230f2,Standard
0x2342a,Good
0x20805,Poor
0x24321,Poor
0x213bd,Good
0x23724,Standard
0x214aa,Standard
0x1ed10,Good
0x1f524,Poor
0x204ef,Poor
0x23708,Standard
0x20dd7,Good
0x232f7,Poor
0x24db8,Standard
0x242dc,Good
0x21232,Standard
0x22a71,Good
0x22243,Poor
0x1ee05,Standard
0x20065,Standard
0x25e9d,Poor
0x24c31,Standard
0x1fa6b,Standard
0x1f501,Standard
0x223f3,Good
0x241bb,Standard
0x22a05,Good
0x23652,Standard
0x21c80,Poor
0x207e2,Poor
0x1efb4,Good
0x24de1,Good
0x20821,Good
0x24d88,Poor
0x21224,Standard
0x2250b,Standard
0x244c4,Poor
0x1f84f,Poor
0x22902,Poor
0x21253,Good
0x25651,Standard
0x201de,Standard
0x1f5eb,Standard
0x20df7,Standard
0x20181,Poor
0x2125f,Standard
0x22d3f,Standard
0x21917,Good
0x21676,Standard
0x216d8,Poor
0x1f756,Poor
0x20e1b,Standard
0x202bb,Standard
0x25a26,Standard
0x1ed75,Good
0x23d75,Standard
0x223e9,Good
0x24e87,Standard
0x253ea,Standard
0x22221,Poor
0x25a52,Good
0x213a6,Standard
0x25462,Poor
0x224c4,Standard
0x232bc,Poor
0x24d51,Poor
0x220ec,Poor
0x23364,Good
0x1ee92,Standard
0x228ba,Standard
0x1fc03,Poor
0x20311,Poor
0x25c6f,Poor
0x1f123,Poor
0x21720,Poor
0x200f5,Standard
0x2367d,Poor
0x25402,Standard
0x1ec68,Good
0x205e8,Poor
0x238a1,Standard
0x257aa,Standard
0x219ec,Poor
0x21b17,Poor
0x21c30,Poor
0x2218e,Standard
0x20e57,Poor
0x1f6e9,Poor
0x21172,Standard
0x24d14,Standard
0x23467,Poor
0x21e77,Poor
0x21889,Standard
0x235db,Good
0x2437e,Standard
0x21901,Poor
0x22fb8,Good
0x1eee5,Poor
0x22398,Standard
0x251fd,Standard
0x1fb19,Poor
0x23bb7,Standard
0x200cf,Poor
0x25c02,Standard
0x228f7,Poor
0x1eb59,Poor
0x248aa,Standard
0x1ed71,Standard
0x2312c,Poor
0x225bd,Standard
0x228a5,Good
0x21188,Standard
0x205b6,Standard
0x240f0,Standard
0x25252,Standard
0x20bc8,Good
0x204ea,Good
0x23835,Standard
0x1f2e3,Standard
0x25268,Standard
0x1f2ea,Standard
0x246be,Poor
0x22e6a,Standard
0x25c07,Good
0x206cb,Poor
0x23046,Poor
0x2417b,Standard
0x22457,Standard
0x22236,Poor
0x2259d,Standard
0x243a6,Standard
0x1f485,Standard
0x21a4c,Standard
0x20865,Good
0x21bd1,Standard
0x20c77,Standard
0x23b07,Standard
0x25246,Standard
0x1f7ee,Poor
0x20c63,Standard
0x1fbbb,Standard
0x23327,Good
0x23d85,Good
0x23605,Standard
0x24aea,Standard
0x25d8f,Standard
0x24e00,Standard
0x1fd4c,Standard
0x21ad1,Standard
0x24ad4,Poor
0x243fa,Standard
0x25eba,Poor
0x1ebc4,Standard
0x22074,Good
0x20971,Standard
0x23417,Good
0x21a7d,Standard
0x23a66,Good
0x24d80,Good
0x251f4,Good
0x20893,Standard
0x1ff7e,Poor
0x20370,Good
0x2384f,Good
0x23178,Good
0x20749,Good
0x1ebac,Poor
0x22df2,Poor
0x238b0,Poor
0x21c6a,Standard
0x1fcab,Poor
0x1eb11,Standard
0x1fc8a,Poor
0x22a54,Standard
0x23cb2,Standard
0x22da6,Standard
0x1f101,Poor
0x212f2,Good
0x2236f,Standard
0x1f69e,Poor
0x20b35,Poor
0x25e82,Standard
0x217a2,Good
0x23db1,Good
0x252bc,Standard
0x252d9,Poor
0x1f1fe,Poor
0x247ba,Standard
0x1f656,Poor
0x25a4c,Standard
0x22fb1,Poor
0x1f7bf,Standard
0x1f1b2,Poor
0x23cab,Standard
0x224c1,Standard
0x2001b,Poor
0x25d32,Standard
0x2003f,Poor
0x2472d,Standard
0x1eb30,Good
0x24e7c,Standard
0x23881,Standard
0x207d3,Standard
0x2480f,Standard
0x21dfe,Good
0x2205b,Standard
0x244a0,Good
0x21973,Standard
0x22754,Good
0x247f6,Standard
0x23a19,Poor
0x23955,Standard
0x2468c,Standard
0x20503,Standard
0x248c5,Good
0x20c89,Standard
0x1facb,Poor
0x20859,Standard
0x1f9d4,Poor
0x20a49,Standard
0x21075,Poor
0x21a70,Standard
0x2047f,Poor
0x238c9,Poor
0x2594d,Standard
0x20f7d,Standard
0x22590,Standard
0x20c3b,Poor
0x25723,Standard
0x24855,Standard
0x1ed92,Good
0x25d0d,Standard
0x25e97,Good
0x223c5,Standard
0x1f220,Poor
0x23768,Poor
0x1fcc7,Poor
0x257ac,Good
0x222df,Standard
0x1f7a6,Good
0x227db,Standard
0x21292,Standard
0x24fdf,Good
0x21196,Standard
0x21a13,Standard
0x256b6,Poor
0x25cbd,Standard
0x2514d,Standard
0x25134,Standard
0x21f90,Poor
0x2485f,Poor
0x25525,Standard
0x21cf6,Standard
0x21b32,Standard
0x237d3,Poor
0x20d8d,Standard
0x22e5f,Good
0x24360,Standard
0x24496,Standard
0x249a4,Poor
0x1ed68,Standard
0x1f0f2,Standard
0x203ac,Poor
0x1fd17,Standard
0x25c58,Poor
0x22008,Standard
0x217fe,Standard
0x218a6,Poor
0x25e44,Good
0x1fd0b,Good
0x1f2b2,Standard
0x21b92,Standard
0x22315,Standard
0x1f19e,Good
0x239f5,Poor
0x21619,Standard
0x24831,Standard
0x23d24,Standard
0x1eb3c,Poor
0x20f0f,Standard
0x2147a,Standard
0x2442d,Poor
0x22eec,Standard
0x241f7,Standard
0x25613,Standard
0x22dac,Poor
0x2481b,Standard
0x212e3,Good
0x220e8,Poor
0x208f6,Standard
0x23005,Good
0x20b86,Good
0x251e2,Poor
0x24796,Standard
0x257f1,Poor
0x238ad,Standard
0x209da,Standard
0x24472,Standard
0x251b4,Poor
0x1f4b5,Good
0x257a0,Poor
0x241a4,Standard
0x21325,Standard
0x21e4d,Poor
0x22fe6,Good
0x21ac9,Poor
0x249a3,Standard
0x23cc5,Poor
0x20b20,Good
0x23ca9,Poor
0x1ef9b,Good
0x21f3d,Good
0x1f389,Poor
0x24de7,Good
0x23c0f,Standard
0x24217,Standard
0x223a1,Standard
0x223bb,Poor
0x22e97,Good
0x24ad3,Poor
0x23cd0,Poor
0x222ca,Standard
0x1ed1f,Standard
0x235da,Good
0x1fe20,Poor
0x258bc,Poor
0x23749,Standard
0x21765,Standard
0x21ff7,Standard
0x23da3,Good
0x2409c,Standard
0x23e0e,Standard
0x255a4,Standard
0x2168d,Good
0x2017f,Standard
0x21a71,Standard
0x20aea,Poor
0x2512e,Poor
0x22789,Good
0x2290f,Standard
0x22a0d,Good
0x2369f,Good
0x24562,Poor
0x2486d,Good
0x21721,Poor
0x2311e,Standard
0x24715,Poor
0x1f72e,Good
0x22816,Standard
0x21caf,Standard
0x2590f,Standard
0x202ac,Poor
0x25d95,Standard
0x257e7,Standard
0x20266,Standard
0x1eb04,Standard
0x25a6a,Poor
0x23d6c,Poor
0x231e1,Good
0x1f576,Standard
0x1f2a4,Poor
0x1f6d2,Poor
0x211b6,Poor
0x22d7d,Poor
0x22c7f,Standard
0x20cb2,Good
0x210be,Poor
0x205a4,Standard
0x20958,Poor
0x1f7fa,Standard
0x25164,Poor
0x24863,Standard
0x202af,Good
0x2204f,Standard
0x21892,Poor
0x24857,Standard
0x1f8b2,Good
0x23f0f,Standard
0x22f88,Poor
0x24765,Poor
0x2247c,Standard
0x25e12,Standard
0x2064a,Poor
0x1f4f3,Standard
0x24259,Standard
0x22725,Standard
0x1ed44,Standard
0x22460,Standard
0x20616,Good
0x1edc2,Poor
0x1f045,Good
0x20a8f,Standard
0x249cb,Good
0x22657,Standard
0x20b09,Good
0x23d9c,Standard
0x20656,Good
0x23f4d,Poor
0x24b6d,Poor
0x23c6c,Good
0x23221,Standard
0x2222f,Good
0x20686,Standard
0x239ff,Poor
0x215e3,Standard
0x21b3c,Standard
0x22073,Good
0x24edd,Poor
0x1ec1e,Standard
0x207a9,Standard
0x2106c,Standard
0x1fcdf,Standard
0x1f85f,Good
0x2507a,Standard
0x25e0a,Good
0x1ef69,Poor
0x21022,Good
0x253dc,Good
0x20629,Good
0x25b39,Standard
0x22814,Good
0x204b5,Poor
0x256c6,Standard
0x2235c,Standard
0x23f70,Standard
0x1f992,Standard
0x2037b,Poor
0x230b3,Poor
0x24d65,Standard
0x20534,Standard
0x24609,Standard
0x22058,Good
0x21bd9,Good
0x24471,Poor
0x23112,Standard
0x23995,Poor
0x204e5,Poor
0x251ef,Standard
0x1fac2,Good
0x2555e,Standard
0x22994,Standard
0x22b39,Poor
0x22a04,Poor
0x22215,Standard
0x24647,Poor
0x24803,Poor
0x21f43,Good
0x2412a,Poor
0x20a8b,Good
0x25873,Good
0x2553a,Poor
0x21a9e,Standard
0x216a9,Standard
0x24487,Standard
0x1f681,Standard
0x2240d,Standard
0x227ef,Standard
0x232c6,Standard
0x238cf,Good
0x22e76,Good
0x23ede,Poor
0x21b4a,Standard
0x200c0,Poor
0x20fa7,Good
0x20448,Good
0x25b53,Good
0x211ed,Poor
0x231d4,Poor
0x20a2a,Standard
0x23237,Good
0x25f98,Good
0x1efaf,Standard
0x1f6f5,Standard
0x24834,Good
0x1f62b,Poor
0x25dd8,Good
0x21998,Good
0x24c06,Good
0x2240b,Standard
0x2232b,Good
0x2500e,Good
0x22839,Standard
0x20811,Good
0x24dab,Good
0x21bb4,Standard
0x1fcfe,Good
0x22435,Good
0x20ded,Standard
0x257ce,Poor
0x1f0a4,Good
0x25d86,Poor
0x22486,Poor
0x25140,Standard
0x24315,Poor
0x21e10,Standard
0x25675,Poor
0x215ce,Standard
0x23c4a,Good
0x21d70,Standard
0x25e37,Standard
0x2442c,Standard
0x1f462,Good
0x2248e,Poor
0x245b5,Standard
0x25aac,Poor
0x244b0,Poor
0x2371f,Good
0x25149,Standard
0x205ae,Good
0x245e9,Good
0x21698,Poor
0x2400a,Standard
0x2030a,Standard
0x1ffd1,Standard
0x1f0f7,Standard
0x2477e,Standard
0x24f4f,Standard
0x22903,Poor
0x1f583,Good
0x25818,Good
0x2560f,Poor
0x219b4,Poor
0x1fe68,Poor
0x22b55,Standard
0x20b10,Poor
0x232eb,Poor
0x25abf,Standard
0x242ce,Good
0x209d6,Standard
0x2138b,Standard
0x2252b,Good
0x23da7,Poor
0x1fe6d,Standard
0x1f043,Poor
0x1fd88,Good
0x236c2,Standard
0x21f25,Standard
0x1f397,Standard
0x241e6,Poor
0x1f193,Standard
0x1f358,Poor
0x21fef,Standard
0x2027c,Poor
0x2292d,Poor
0x2558c,Good
0x21fbf,Poor
0x220d1,Standard
0x24227,Good
0x23632,Standard
0x24533,Poor
0x2191e,Standard
0x2582c,Standard
0x2357a,Poor
0x24690,Standard
0x20287,Good
0x1ef36,Poor
0x1f2cb,Good
0x22043,Standard
0x20ef5,Good
0x259b7,Poor
0x2294f,Good
0x23c19,Standard
0x24a43,Poor
0x23160,Good
0x1fbe2,Standard
0x23e86,Standard
0x2326f,Good
0x235f2,Poor
0x20a9d,Poor
0x1f9eb,Standard
0x2543f,Good
0x22358,Standard
0x257c5,Standard
0x25a54,Standard
0x1fafd,Poor
0x20fb7,Good
0x1eb03,Good
0x1fa86,Poor
0x1f824,Poor
0x22e23,Poor
0x2011f,Poor
0x22387,Poor
0x20117,Standard
0x234bb,Standard
0x258df,Poor
0x226b6,Good
0x20c2f,Standard
0x23963,Good
0x25c7d,Poor
0x22d6b,Standard
0x20d16,Poor
0x20d42,Poor
0x2187a,Standard
0x208fe,Standard
0x22544,Standard
0x21463,Good
0x2268a,Standard
0x25876,Standard
0x1fac5,Standard
0x20e04,Good
0x20751,Standard
0x25f37,Poor
0x23840,Standard
0x21960,Poor
0x21835,Standard
0x24b11,Standard
0x2530f,Standard
0x24163,Poor
0x246ba,Good
0x228e3,Standard
0x232d1,Standard
0x25fed,Poor
0x2363a,Standard
0x2322c,Poor
0x247a1,Poor
0x25a30,Standard
0x2325b,Standard
0x25a2f,Standard
0x211b8,Good
0x24d32,Poor
0x1f7ce,Standard
0x256a1,Poor
0x251e3,Standard
0x1fb84,Good
0x1fa83,Good
0x2480d,Poor
0x24bc3,Standard
0x218fd,Poor
0x25418,Standard
0x21137,Standard
0x2450e,Standard
0x1ece2,Standard
0x25da0,Poor
0x1ebb7,Standard
0x25b31,Good
0x2033c,Standard
0x204d8,Standard
0x249c8,Good
0x23423,Standard
0x23700,Standard
0x22bbe,Poor
0x2545e,Standard
0x215c0,Standard
0x241fe,Poor
0x25789,Good
0x2342c,Standard
0x25eb3,Good
0x20602,Standard
0x1f629,Good
0x1fbed,Good
0x21f54,Good
0x21710,Poor
0x1ead0,Good
0x1fb49,Standard
0x201a8,Poor
0x21576,Good
0x21555,Standard
0x24188,Standard
0x24013,Standard
0x20c3c,Standard
0x25b49,Poor
0x2579c,Standard
0x23017,Standard
0x21167,Poor
0x200b3,Poor
0x1f158,Poor
0x253ff,Standard
0x20f46,Good
0x25095,Good
0x24bdb,Poor
0x1fc4b,Standard
0x2453e,Poor
0x258b4,Standard
0x22da0,Standard
0x253f2,Good
0x236c5,Standard
0x21a7c,Poor
0x20742,Standard
0x24080,Poor
0x2208b,Poor
0x24a63,Standard
0x25860,Standard
0x1f80b,Good
0x1fd55,Standard
0x245fa,Good
0x21f2f,Poor
0x25a6f,Good
0x211ea,Good
0x25693,Standard
0x218f0,Good
0x1efe2,Standard
0x2435a,Standard
0x1f252,Standard
0x209fe,Good
0x24bcf,Poor
0x22cc9,Poor
0x23311,Good
0x22dcd,Standard
0x213f8,Poor
0x21a04,Poor
0x1f245,Poor
0x1fa91,Standard
0x21aa2,Poor
0x257ab,Poor
0x1ec79,Standard
0x1f20d,Good
0x24349,Standard
0x25ace,Poor
0x22733,Poor
0x24aed,Good
0x25386,Standard
0x1ebcc,Standard
0x217b1,Poor
0x2196a,Standard
0x25612,Standard
0x1fb46,Standard
0x20ec8,Poor
0x23197,Good
0x21d1f,Poor
0x250f8,Standard
0x258ea,Standard
0x1f34f,Standard
0x2289a,Standard
0x25970,Standard
0x20edb,Standard
0x228b1,Poor
0x21db7,Standard
0x2366b,Standard
0x24a65,Standard
0x2228d,Poor
0x25c92,Poor
0x22ac5,Standard
0x237ca,Standard
0x23c52,Standard
0x20ebd,Poor
0x2147f,Standard
0x1fcce,Standard
0x237c7,Standard
0x235a0,Standard
0x227f1,Poor
0x1f46c,Standard
0x24d15,Standard
0x217f4,Poor
0x223ec,Standard
0x1f9ae,Good
0x23476,Good
0x24cd6,Poor
0x1f3f8,Standard
0x21f96,Standard
0x253ed,Good
0x25784,Poor
0x21da3,Standard
0x21259,Poor
0x1ebf2,Poor
0x1f28a,Good
0x1f36f,Good
0x1fadd,Poor
0x24864,Good
0x228e2,Standard
0x20a1e,Standard
0x23172,Poor
0x237f1,Standard
0x25a64,Good
0x2160b,Standard
0x25aad,Standard
0x23960,Poor
0x1fc65,Poor
0x25b76,Good
0x1edbd,Good
0x1eae7,Standard
0x2588a,Poor
0x2030e,Poor
0x1f4a7,Standard
0x23b42,Standard
0x22eeb,Good
0x240ae,Poor
0x24ae1,Standard
0x20dbb,Standard
0x24b95,Standard
0x25b47,Good
0x24dea,Good
0x210bd,Poor
0x23fb4,Poor
0x24ba8,Poor
0x23376,Standard
0x2460b,Standard
0x239ca,Poor
0x20274,Standard
0x1ee57,Standard
0x1f3d4,Poor
0x1ee6d,Good
0x1ee10,Standard
0x202de,Good
0x1eac5,Poor
0x20cca,Poor
0x1f8f0,Poor
0x247e6,Poor
0x24968,Standard
0x22176,Good
0x23f57,Standard
0x2519c,Standard
0x229eb,Poor
0x2356f,Standard
0x2034d,Poor
0x221e5,Standard
0x25ea7,Poor
0x25b8f,Standard
0x1eac8,Good
0x2586a,Poor
0x203dd,Standard
0x1ec80,Standard
0x21fb5,Standard
0x20388,Standard
0x1ee91,Standard
0x20b5d,Standard
0x2331d,Standard
0x2242f,Standard
0x24db7,Standard
0x1f7dd,Standard
0x215ac,Poor
0x24b6f,Standard
0x25dd0,Standard
0x25891,Poor
0x248f0,Poor
0x206c5,Standard
0x1f1ff,Standard
0x249a7,Poor
0x2201e,Standard
0x200c5,Standard
0x23fef,Good
0x25dfd,Poor
0x25837,Good
0x22bb1,Poor
0x20dfb,Standard
0x215a1,Poor
0x24547,Poor
0x24ad5,Good
0x1f891,Standard
0x21115,Poor
0x1edd2,Standard
0x22184,Standard
0x1ef6a,Poor
0x24af2,Standard
0x225b1,Standard
0x1fa17,Standard
0x22cdd,Standard
0x24b87,Standard
0x244bb,Standard
0x1f0a0,Standard
0x2000d,Standard
0x2191f,Standard
0x22a11,Standard
0x24d34,Poor
0x21f47,Good
0x24600,Standard
0x2348b,Standard
0x2097b,Standard
0x205b9,Standard
0x222e3,Standard
0x20755,Poor
0x1fd3f,Poor
0x24648,Poor
0x20521,Standard
0x2342f,Poor
0x24f6d,Standard
0x253d5,Standard
0x2252a,Standard
0x2535c,Poor
0x243ec,Standard
0x242f2,Standard
0x24c72,Standard
0x1f785,Poor
0x22032,Standard
0x22876,Good
0x2070d,Standard
0x22689,Standard
0x23f3c,Poor
0x1f0b6,Standard
0x1f3f4,Poor
0x25a18,Standard
0x212dc,Good
0x215b7,Standard
0x20c01,Standard
0x24047,Standard
0x257f5,Standard
0x22beb,Good
0x1fe39,Standard
0x21f8a,Poor
0x247d5,Standard
0x241c9,Poor
0x20738,Good
0x20304,Good
0x25e19,Standard
0x21099,Standard
0x229e9,Poor
0x2418a,Standard
0x223c7,Standard
0x241ac,Standard
0x22369,Standard
0x226b7,Poor
0x22536,Good
0x2567c,Poor
0x256b0,Good
0x20f35,Poor
0x25db6,Poor
0x22267,Poor
0x2426b,Good
0x25da9,Standard
0x25b06,Standard
0x249d4,Poor
0x1eadb,Good
0x25d78,Standard
0x1f8d7,Standard
0x1f645,Standard
0x24079,Standard
0x2282f,Standard
0x20870,Standard
0x2435e,Standard
0x22b37,Standard
0x25141,Poor
0x1eada,Standard
0x1fbc9,Poor
0x2144b,Good
0x23776,Poor
0x23ff0,Standard
0x25ef0,Standard
0x20138,Standard
0x21ae8,Standard
0x21aaf,Poor
0x1f11c,Standard
0x25537,Poor
0x1ff89,Good
0x21301,Standard
0x24c69,Poor
0x22f69,Standard
0x21f15,Poor
0x24c61,Poor
0x233cc,Standard
0x2340d,Good
0x2253b,Standard
0x25b2b,Poor
0x24787,Standard
0x216ae,Poor
0x24e79,Good
0x22e0d,Standard
0x20e45,Standard
0x21021,Good
0x21dff,Poor
0x1f6a2,Standard
0x20956,Good
0x1eff1,Standard
0x21677,Standard
0x24560,Poor
0x20b7f,Good
0x20afa,Poor
0x22905,Standard
0x21a75,Good
0x1ece4,Good
0x20677,Poor
0x2113f,Standard
0x23fe2,Standard
0x259af,Standard
0x247f5,Standard
0x22582,Standard
0x241cf,Poor
0x25b6b,Good
0x220c6,Standard
0x1eed8,Standard
0x1f147,Standard
0x23b64,Poor
0x22e06,Poor
0x201b2,Standard
0x254f2,Standard
0x215cb,Poor
0x22a89,Poor
0x22a87,Good
0x21435,Standard
0x25963,Standard
0x232ea,Poor
0x2211d,Standard
0x22815,Standard
0x25929,Good
0x1f909,Poor
0x22279,Standard
0x1ef00,Standard
0x24c5f,Good
0x23e7f,Poor
0x2426c,Standard
0x2109d,Standard
0x25313,Standard
0x25726,Good
0x25056,Good
0x212dd,Standard
0x24a9f,Poor
0x20145,Standard
0x22911,Standard
0x235ab,Standard
0x25f20,Poor
0x23ded,Standard
0x22f5d,Standard
0x2304b,Poor
0x1f86d,Standard
0x23cc1,Standard
0x1f6ae,Poor
0x202d1,Standard
0x25674,Good
0x2201c,Standard
0x25547,Good
0x25c0f,Standard
0x20422,Standard
0x1ef78,Good
0x250d4,Poor
0x1ffb9,Standard
0x208ce,Good
0x25599,Poor
0x1feee,Standard
0x23c27,Poor
0x1edba,Good
0x22bd2,Poor
0x1fd94,Standard
0x257ff,Poor
0x235b6,Good
0x25296,Good
0x219c1,Standard
0x25e74,Standard
0x2297e,Poor
0x20a45,Poor
0x24c8e,Standard
0x1f17d,Good
0x21049,Poor
0x20416,Poor
0x1f3b8,Standard
0x250a5,Standard
0x21ddf,Poor
0x22411,Standard
0x22d17,Standard
0x1ef8a,Poor
0x22cec,Standard
0x238a2,Standard
0x21dac,Standard
0x21129,Standard
0x23466,Standard
0x247e9,Standard
0x23ce4,Good
0x243e0,Standard
0x23286,Good
0x251cb,Standard
0x20095,Standard
0x25aa8,Poor
0x242c2,Standard
0x1f644,Standard
0x218ff,Standard
0x22075,Standard
0x20ba1,Standard
0x25447,Standard
0x208df,Standard
0x22a9c,Poor
0x25575,Standard
0x2373a,Standard
0x2099d,Standard
0x1f83d,Good
0x200fe,Standard
0x239d9,Standard
0x22086,Standard
0x2435d,Standard
0x231fa,Standard
0x22909,Good
0x22b60,Standard
0x25666,Poor
0x2152e,Poor
0x21d86,Standard
0x24ddc,Standard
0x21efc,Poor
0x24322,Standard
0x25821,Good
0x1f8e4,Poor
0x25afb,Good
0x2222b,Poor
0x23b94,Good
0x22851,Standard
0x2480b,Standard
0x24e34,Good
0x20c54,Poor
0x1f461,Standard
0x24f22,Standard
0x25acc,Standard
0x23623,Good
0x2511d,Poor
0x22578,Standard
0x23e1b,Poor
0x20e67,Standard
0x226c9,Good
0x22980,Standard
0x23028,Standard
0x1ff6f,Standard
0x20481,Standard
0x24b56,Standard
0x200c1,Standard
0x25074,Standard
0x2547d,Good
0x20f84,Standard
0x1f82f,Poor
0x1fb39,Standard
0x21323,Standard
0x1ff1e,Poor
0x232ff,Good
0x25f38,Good
0x24eca,Standard
0x200e7,Standard
0x22c89,Good
0x2103c,Standard
0x25d7b,Standard
0x24a7e,Standard
0x202c8,Standard
0x25bf9,Standard
0x2504f,Poor
0x1ef48,Standard
0x23987,Good
0x21309,Good
0x21b86,Standard
0x25d2e,Standard
0x220ae,Good
0x20e15,Standard
0x24e9f,Poor
0x21bf4,Standard
0x24f8f,Standard
0x2103a,Good
0x250de,Standard
0x22de8,Standard
0x240a7,Standard
0x23d81,Standard
0x22276,Standard
0x21409,Standard
0x23aa5,Standard
0x1edbc,Standard
0x226f2,Good
0x23335,Standard
0x230c5,Poor
0x2273a,Poor
0x24164,Good
0x20fd8,Good
0x247ce,Good
0x25dda,Good
0x20e94,Good
0x23b50,Standard
0x1fa27,Standard
0x25bca,Standard
0x24007,Poor
0x1ee6c,Poor
0x25f66,Poor
0x20ff4,Poor
0x1f9fe,Standard
0x20b50,Standard
0x25581,Standard
0x24ffb,Good
0x1fbeb,Poor
0x24b64,Standard
0x21ed9,Standard
0x23203,Standard
0x241c2,Standard
0x219c0,Good
0x1f795,Poor
0x22fc3,Good
0x2276f,Standard
0x21d4b,Standard
0x23155,Standard
0x1fee2,Standard
0x1f31c,Standard
0x2505b,Poor
0x24043,Standard
0x1f19c,Standard
0x1f081,Poor
0x1f66e,Poor
0x23383,Good
0x225e2,Poor
0x2280c,Good
0x25f87,Poor
0x23ab2,Standard
0x257ad,Standard
0x212e2,Standard
0x25a4a,Standard
0x23eb0,Standard
0x25f4d,Poor
0x2384e,Standard
0x25253,Poor
0x2234e,Poor
0x20ac8,Poor
0x23ae3,Standard
0x1edcf,Poor
0x1ee6f,Poor
0x2243e,Standard
0x21cbb,Poor
0x1ed59,Good
0x250a0,Standard
0x25b25,Good
0x2441f,Standard
0x1eba7,Poor
0x25b08,Standard
0x1fe99,Poor
0x2219a,Poor
0x1effb,Poor
0x25f06,Good
0x219b2,Standard
0x1f8a8,Good
0x1faf2,Standard
0x2255b,Standard
0x2256a,Poor
0x24b4a,Standard
0x1fc87,Standard
0x243fc,Poor
0x257e9,Standard
0x2510d,Standard
0x23b11,Standard
0x25af5,Standard
0x23c9a,Poor
0x23927,Good
0x207b0,Poor
0x221b7,Good
0x23684,Poor
0x21287,Standard
0x242ee,Poor
0x24339,Standard
0x1eb0a,Good
0x237d7,Standard
0x23c05,Poor
0x25687,Standard
0x25dfe,Standard
0x22350,Standard
0x25207,Standard
0x23900,Standard
0x22ad8,Poor
0x23259,Good
0x25429,Good
0x20b89,Good
0x23a2a,Poor
0x2367b,Poor
0x21a0f,Good
0x21e46,Standard
0x22d53,Poor
0x231cc,Poor
0x25d6a,Poor
0x21969,Standard
0x251f2,Standard
0x22705,Poor
0x20931,Standard
0x2306e,Poor
0x20064,Good
0x22db5,Poor
0x25260,Good
0x2277a,Standard
0x243a7,Poor
0x22a26,Poor
0x21412,Good
0x2421d,Standard
0x20269,Standard
0x25116,Standard
0x215b4,Poor
0x25f92,Poor
0x22ae3,Standard
0x1fc5b,Standard
0x24e11,Standard
0x24b26,Standard
0x22e69,Standard
0x1edbb,Standard
0x20983,Poor
0x202c2,Standard
0x22de6,Poor
0x251cc,Standard
0x254d7,Standard
0x25a29,Standard
0x1ecf8,Good
0x212cc,Poor
0x24226,Standard
0x1f506,Poor
0x1f6c5,Good
0x220a4,Standard
0x21228,Standard
0x21825,Standard
0x20aa5,Standard
0x1f68c,Poor
0x25101,Standard
0x2585f,Good
0x20a5d,Good
0x254e5,Standard
0x21fed,Standard
0x258a3,Standard
0x2402d,Poor
0x2049a,Good
0x24f9c,Poor
0x1f4db,Good
0x1ffa4,Standard
0x207ae,Standard
0x236fb,Standard
0x229b8,Standard
0x24b91,Standard
0x23e6f,Poor
0x20d97,Standard
0x21953,Standard
0x2124a,Good
0x22c7d,Standard
0x20eba,Standard
0x21cb4,Standard
0x2049b,Standard
0x24c84,Standard
0x21a66,Good
0x2001a,Standard
0x1ebf3,Good
0x206fc,Poor
0x23785,Good
0x21b55,Standard
0x250e8,Good
0x233b8,Poor
0x23d3a,Standard
0x1f0c6,Standard
0x216a2,Standard
0x2522a,Standard
0x1f85e,Poor
0x24a4c,Poor
0x25905,Poor
0x23c91,Good
0x2363f,Standard
0x1f873,Standard
0x1fb6b,Good
0x22967,Good
0x20595,Standard
0x247f7,Standard
0x1f7d7,Standard
0x1edd3,Good
0x25740,Standard
0x1f6ac,Standard
0x219a7,Good
0x2405f,Good
0x22614,Standard
0x20ec4,Poor
0x24e6d,Poor
0x1fc2d,Poor
0x1f070,Standard
0x1f699,Standard
0x24d5c,Standard
0x21d75,Standard
0x1fc68,Good
0x21cd8,Standard
0x1eb0e,Standard
0x2244d,Standard
0x1f31b,Standard
0x21cd5,Poor
0x1f195,Standard
0x25965,Standard
0x2289c,Poor
0x2525e,Poor
0x218dc,Poor
0x20328,Standard
0x232fe,Standard
0x20b65,Standard
0x25776,Standard
0x253dd,Standard
0x23d44,Poor
0x2313a,Good
0x23f4b,Standard
0x1f5ca,Poor
0x21da5,Poor
0x204b0,Standard
0x229b0,Good
0x24d05,Standard
0x2155f,Standard
0x1f1a7,Standard
0x22f0f,Poor
0x22bbb,Standard
0x2477b,Standard
0x256da,Standard
0x235af,Standard
0x210c8,Poor
0x21e3e,Good
0x2448a,Standard
0x24b0d,Poor
0x1f75e,Standard
0x24da0,Standard
0x1ef06,Standard
0x1ff3f,Standard
0x25718,Good
0x24e03,Standard
0x20cf3,Standard
0x2133c,Good
0x1f25b,Standard
0x25572,Poor
0x23040,Standard
0x1fb12,Standard
0x2579a,Good
0x247cf,Good
0x22bcb,Good
0x22ca3,Good
0x22c1b,Poor
0x21a05,Good
0x20c29,Poor
0x219c8,Good
0x25a86,Standard
0x1ee19,Poor
0x2194e,Poor
0x239f3,Standard
0x2138f,Standard
0x1f372,Standard
0x23b1f,Standard
0x23032,Standard
0x23ca6,Standard
0x1eb92,Poor
0x20ca9,Poor
0x239e6,Poor
0x225d2,Poor
0x1f93f,Standard
0x20d21,Good
0x2359f,Good
0x23a67,Standard
0x1f6f6,Standard
0x2322a,Standard
0x2369b,Good
0x23497,Standard
0x25bc1,Poor
0x240d9,Standard
0x23f93,Standard
0x22e55,Poor
0x24817,Standard
0x1fbe1,Standard
0x23c54,Standard
0x20e96,Poor
0x21223,Poor
0x22d04,Standard
0x221ad,Standard
0x20c6f,Standard
0x1ef3c,Good
0x21906,Standard
0x22f57,Standard
0x25e9c,Good
0x22e3d,Standard
0x22f1d,Poor
0x1fcae,Standard
0x2052c,Standard
0x20d78,Good
0x1f1fb,Standard
0x21252,Standard
0x25de4,Poor
0x2532a,Standard
0x255eb,Good
0x239a9,Good
0x20ea2,Poor
0x231d7,Standard
0x22c92,Standard
0x21d92,Standard
0x23f1b,Standard
0x1fc6f,Good
0x22537,Standard
0x25c73,Good
0x20d2e,Standard
0x20b11,Standard
0x24165,Good
0x25321,Poor
0x20d2b,Poor
0x24607,Good
0x24258,Good
0x20491,Poor
0x25d1a,Standard
0x2407f,Poor
0x22021,Standard
0x1ee26,Good
0x1f1db,Good
0x23bff,Standard
0x1f7fb,Poor
0x1eaf5,Standard
0x23109,Standard
0x1ffdc,Standard
0x245f4,Good
0x243ea,Poor
0x20aa6,Standard
0x20868,Poor
0x24cf9,Poor
0x1f6a4,Standard
0x256e9,Standard
0x225cd,Poor
0x24264,Poor
0x1fd46,Standard
0x1f729,Good
0x21257,Poor
0x22e2c,Good
0x22ecb,Good
0x1fe3b,Standard
0x2339b,Good
0x2596f,Standard
0x1f51e,Standard
0x21d5d,Good
0x227da,Poor
0x1f4c5,Poor
0x23bf5,Good
0x21ac7,Standard
0x23c4b,Poor
0x22d22,Poor
0x21cec,Good
0x25e7e,Good
0x25a61,Poor
0x1f0ad,Standard
0x203b8,Standard
0x2114d,Good
0x2483d,Poor
0x23de0,Poor
0x25513,Standard
0x2150b,Poor
0x2140f,Good
0x245d8,Poor
0x25633,Poor
0x1f91d,Standard
0x205c9,Standard
0x2275e,Good
0x22728,Poor
0x2541d,Poor
0x1ec45,Standard
0x23601,Standard
0x21999,Poor
0x25cd2,Good
0x21931,Standard
0x23003,Standard
0x258a4,Poor
0x259df,Good
0x1f6f3,Poor
0x20918,Poor
0x245a9,Standard
0x1eb35,Standard
0x22632,Poor
0x234a7,Poor
0x2312a,Standard
0x1f956,Standard
0x20d12,Standard
0x1f0d4,Poor
0x25836,Standard
0x20654,Standard
0x21669,Good
0x1fea7,Standard
0x1f16e,Poor
0x231b2,Standard
0x213bb,Standard
0x2012c,Standard
0x24290,Standard
0x24a27,Good
0x24f09,Standard
0x250ec,Standard
0x25757,Good
0x2477c,Good
0x2417a,Standard
0x233a1,Standard
0x22891,Good
0x21f84,Good
0x1fa4d,Poor
0x232b7,Good
0x22fb6,Good
0x24672,Standard
0x21fee,Standard
0x207cc,Standard
0x20da4,Good
0x1efa2,Standard
0x23483,Poor
0x205cf,Standard
0x20664,Standard
0x1ffb6,Standard
0x2062e,Poor
0x1f9f2,Good
0x223d0,Poor
0x22d9a,Poor
0x226c2,Standard
0x25f1c,Poor
0x1f9ea,Poor
0x258ed,Standard
0x24f38,Poor
0x2539e,Standard
0x21468,Standard
0x225eb,Standard
0x24502,Poor
0x20ed3,Standard
0x25d9f,Poor
0x22e83,Poor
0x22a6e,Good
0x20c7c,Standard
0x1efeb,Standard
0x20161,Standard
0x219d5,Good
0x20f34,Standard
0x2563e,Poor
0x1f302,Good
0x2270d,Poor
0x25a65,Standard
0x1f758,Standard
0x1f008,Standard
0x20adf,Standard
0x2413f,Standard
0x248c4,Poor
0x2216e,Poor
0x246bc,Good
0x2364c,Poor
0x25d4c,Poor
0x2144a,Standard
0x2544c,Standard
0x24e1b,Standard
0x2132c,Standard
0x25135,Good
0x1ebdd,Good
0x1f7d9,Good
0x20ee1,Good
0x20867,Poor
0x1f28c,Standard
0x2079c,Standard
0x25db5,Good
0x25848,Standard
0x1f807,Good
0x218a0,Poor
0x21594,Standard
0x25102,Good
0x245f2,Standard
0x21cd2,Good
0x223ea,Standard
0x25585,Standard
0x21b3e,Standard
0x21c76,Standard
0x222cd,Standard
0x21df9,Standard
0x251c1,Standard
0x20c11,Good
0x1f191,Standard
0x1f3ad,Standard
0x1fdad,Poor
0x21b18,Poor
0x22a77,Standard
0x1f621,Poor
0x1fbd6,Poor
0x1ff72,Poor
0x21486,Poor
0x1ffd4,Standard
0x2216d,Standard
0x22f05,Standard
0x24564,Standard
0x25645,Standard
0x20f71,Poor
0x241bc,Standard
0x1fd92,Poor
0x23b8b,Standard
0x23647,Poor
0x25df1,Standard
0x23d08,Good
0x22b18,Standard
0x24981,Standard
0x1f4c0,Poor
0x222be,Standard
0x225d9,Poor
0x20000,Poor
0x23e14,Standard
0x1f5fd,Standard
0x25de3,Standard
0x255a3,Standard
0x21b35,Poor
0x25f58,Standard
0x256db,Standard
0x20b81,Poor
0x1f320,Poor
0x22500,Standard
0x2269f,Poor
0x234c7,Poor
0x253c4,Good
0x225b2,Standard
0x21f9a,Good
0x22b5e,Standard
0x23c53,Standard
0x25093,Standard
0x24c68,Standard
0x1f351,Standard
0x1ff51,Poor
0x249e3,Standard
0x21f8b,Good
0x247e7,Good
0x24dc4,Standard
0x24b9e,Poor
0x2033d,Standard
0x20c3d,Good
0x1ef2f,Good
0x24463,Standard
0x2168a,Standard
0x233f2,Standard
0x25483,Poor
0x1ec69,Poor
0x21950,Standard
0x2122e,Poor
0x23108,Good
0x2075d,Poor
0x20c2e,Poor
0x25d9c,Standard
0x253ba,Poor
0x1ecd3,Poor
0x22bf0,Good
0x1f365,Standard
0x1f24f,Standard
0x25a34,Standard
0x211a0,Standard
0x210ef,Standard
0x22192,Poor
0x2375f,Standard
0x1ed41,Good
0x1f9da,Standard
0x20f6a,Poor
0x224dc,Good
0x21187,Good
0x23ee0,Poor
0x1ee6b,Good
0x1fc9e,Good
0x21180,Poor
0x21651,Good
0x1f418,Standard
0x217ec,Standard
0x24a59,Poor
0x21792,Poor
0x2087f,Standard
0x2166a,Poor
0x1f10f,Poor
0x211c5,Good
0x1ff1b,Standard
0x2435c,Poor
0x220a0,Standard
0x2489d,Good
0x1ee1b,Standard
0x22bde,Poor
0x2329e,Good
0x257f0,Standard
0x1f822,Standard
0x20301,Poor
0x231ca,Standard
0x22183,Standard
0x200cc,Poor
0x25ee4,Standard
0x1f5ee,Poor
0x21231,Good
0x2169c,Good
0x24b84,Good
0x1ee4d,Good
0x22ee3,Good
0x2184d,Poor
0x253fe,Good
0x20dc8,Standard
0x1effa,Poor
0x2337b,Standard
0x22a0f,Standard
0x1fd48,Standard
0x1ef5f,Standard
0x21abd,Good
0x2036c,Good
0x23e63,Poor
0x2104f,Good
0x22313,Good
0x22005,Poor
0x1f719,Good
0x20b9e,Poor
0x25719,Good
0x23018,Standard
0x20d5a,Good
0x1f4ce,Poor
0x20748,Poor
0x24090,Standard
0x2574c,Standard
0x2393a,Standard
0x20dfa,Standard
0x20a5f,Standard
0x22f32,Standard
0x1ec2f,Standard
0x20736,Poor
0x23e50,Good
0x2276e,Poor
0x257b8,Poor
0x20c32,Poor
0x242aa,Poor
0x20844,Poor
0x1f70d,Standard
0x21d02,Poor
0x253ad,Standard
0x1ee55,Good
0x1ef5a,Standard
0x24c30,Poor
0x2177c,Standard
0x243be,Standard
0x21aa4,Poor
0x1ff93,Standard
0x25d6f,Standard
0x254ac,Standard
0x24e93,Poor
0x23d22,Good
0x25dfc,Good
0x2354e,Standard
0x221c2,Standard
0x2003b,Standard
0x23448,Poor
0x23d6d,Good
0x1eccc,Poor
0x1fd82,Standard
0x2247a,Good
0x20b34,Poor
0x2199d,Standard
0x25a0d,Poor
0x247db,Standard
0x22550,Standard
0x2324c,Good
0x24139,Poor
0x25ddd,Standard
0x233f0,Standard
0x20209,Standard
0x214f3,Standard
0x2492d,Standard
0x23fcb,Standard
0x20c52,Standard
0x1f187,Good
0x256a5,Good
0x23570,Poor
0x21217,Good
0x1ee24,Poor
0x234ef,Standard
0x25880,Good
0x23ec5,Good
0x2484b,Poor
0x252b3,Standard
0x23b9e,Standard
0x22f58,Poor
0x1ef0d,Poor
0x2234a,Standard
0x1ebda,Good
0x20b03,Poor
0x1f941,Standard
0x1f7b7,Standard
0x2497e,Good
0x214fe,Good
0x1f3c3,Standard
0x20655,Standard
0x22ba7,Standard
0x210ca,Good
0x1fa8f,Good
0x2294d,Standard
0x21b87,Poor
0x24405,Good
0x1edc3,Poor
0x21916,Poor
0x25424,Standard
0x2135c,Good
0x20fbe,Standard
0x22fab,Standard
0x23f60,Standard
0x25814,Good
0x2393d,Standard
0x24697,Standard
0x1fa0a,Poor
0x21bb7,Good
0x255b0,Standard
0x1fcf9,Poor
0x212e7,Poor
0x237af,Good
0x247c4,Standard
0x24fef,Poor
0x2046d,Poor
0x23091,Good
0x2516f,Good
0x1f779,Standard
0x1ed62,Good
0x233c1,Poor
0x1f20a,Poor
0x25298,Good
0x20776,Standard
0x24109,Poor
0x23a25,Standard
0x22069,Good
0x21f7f,Good
0x221ca,Standard
0x22209,Poor
0x212ca,Standard
0x25470,Poor
0x20767,Good
0x1fd90,Standard
0x22029,Standard
0x23fe6,Good
0x1ffc4,Poor
0x24e84,Good
0x25c88,Poor
0x236a7,Good
0x23ba1,Standard
0x1f086,Standard
0x20ebc,Poor
0x25f40,Good
0x1f110,Good
0x25305,Poor
0x20349,Standard
0x22610,Standard
0x216b4,Standard
0x2439d,Standard
0x21c53,Standard
0x24265,Poor
0x217ab,Poor
0x2161f,Standard
0x22f07,Standard
0x21996,Good
0x23690,Poor
0x23242,Poor
0x23139,Standard
0x23f23,Poor
0x25186,Standard
0x23196,Poor
0x24795,Standard
0x24969,Poor
0x2029f,Poor
0x22dc2,Standard
0x204df,Good
0x24c7e,Standard
0x1f28f,Standard
0x1f127,Standard
0x2031b,Standard
0x25366,Standard
0x205a2,Standard
0x21aab,Standard
0x2111e,Standard
0x24a64,Good
0x1f50c,Poor
0x225f6,Standard
0x241c7,Standard
0x21f69,Standard
0x22512,Standard
0x2000a,Good
0x20ed0,Standard
0x1efe1,Standard
0x24ff7,Standard
0x250ff,Standard
0x251c4,Standard
0x215ee,Standard
0x1f0c4,Good
0x25c72,Standard
0x2583c,Standard
0x1fe15,Poor
0x203f2,Poor
0x25cf5,Good
0x256b9,Standard
0x21612,Poor
0x21df7,Good
0x21143,Poor
0x20bf2,Standard
0x24c99,Good
0x1f209,Good
0x255bd,Standard
0x254cc,Poor
0x21bd0,Good
0x2177d,Standard
0x20a97,Standard
0x23c16,Standard
0x22bdf,Poor
0x25117,Poor
0x23287,Standard
0x25449,Good
0x2565a,Standard
0x1f37f,Poor
0x24ce2,Standard
0x23052,Poor
0x21d56,Poor
0x1ebfc,Good
0x1eb61,Standard
0x231d2,Standard
0x25bd2,Poor
0x1fc7c,Poor
0x25489,Poor
0x25822,Standard
0x24af9,Standard
0x20f6d,Poor
0x23e8a,Poor
0x1f06f,Good
0x1eb48,Standard
0x23dd7,Standard
0x1fb82,Poor
0x25072,Standard
0x234bc,Poor
0x228de,Good
0x22d64,Standard
0x21c6d,Poor
0x1ebb5,Good
0x21a57,Standard
0x2327e,Standard
0x22885,Good
0x2537a,Standard
0x1ed43,Standard
0x205e0,Standard
0x211d4,Good
0x1f402,Good
0x250ce,Poor
0x1ed94,Poor
0x21c3a,Standard
0x201a9,Good
0x25425,Poor
0x22ea4,Standard
0x216af,Standard
0x1ec37,Good
0x25192,Good
0x25c75,Good
0x1fddd,Standard
0x1f578,Standard
0x255c6,Standard
0x24049,Standard
0x224f1,Standard
0x24706,Good
0x1ec14,Standard
0x24674,Standard
0x20446,Good
0x1fa3b,Good
0x22ba4,Poor
0x20fd0,Poor
0x215d8,Good
0x21ff0,Standard
0x21ab8,Good
0x25989,Good
0x22e52,Poor
0x209cd,Good
0x20b73,Standard
0x21ad5,Good
0x20408,Poor
0x1eedc,Standard
0x22cac,Standard
0x24a04,Poor
0x24278,Good
0x1f77b,Standard
0x23e80,Standard
0x1f476,Poor
0x1f52d,Standard
0x228e4,Standard
0x23863,Standard
0x24ceb,Standard
0x2509e,Poor
0x217ba,Standard
0x1f965,Standard
0x2496c,Standard
0x22644,Standard
0x2222e,Good
0x1f6e6,Standard
0x234a5,Poor
0x23b2d,Standard
0x239e5,Standard
0x1f544,Poor
0x247f3,Standard
0x1f536,Standard
0x21dad,Good
0x256ba,Poor
0x2108e,Standard
0x1efed,Standard
0x1f135,Standard
0x2505d,Poor
0x2529d,Good
0x25909,Good
0x24dc7,Standard
0x231b3,Standard
0x24c20,Good
0x1fa01,Good
0x23c3b,Standard
0x2244a,Standard
0x21744,Standard
0x22f15,Good
0x1ee7d,Standard
0x2325a,Poor
0x1eb41,Poor
0x21e9b,Good
0x22c59,Standard
0x25ed7,Good
0x21f39,Standard
0x20210,Standard
0x21313,Good
0x1f21e,Good
0x232d4,Poor
0x1ecbc,Poor
0x238f9,Poor
0x1f838,Poor
0x21321,Poor
0x2498e,Standard
0x1ecba,Poor
0x25566,Standard
0x2379a,Standard
0x251ad,Standard
0x1fa22,Standard
0x2363e,Standard
0x2006d,Poor
0x1fe44,Poor
0x21b01,Standard
0x21c2d,Poor
0x24b7a,Standard
0x2029e,Standard
0x25154,Good
0x21f73,Poor
0x222a4,Standard
0x22274,Poor
0x1fd0c,Poor
0x2197f,Standard
0x241d0,Good
0x22b3d,Standard
0x23115,Standard
0x24c9d,Good
0x24cfd,Standard
0x25699,Good
0x24108,Poor
0x20d6c,Poor
0x22380,Standard
0x1fec0,Standard
0x1ee59,Standard
0x2084b,Poor
0x242f3,Good
0x22551,Good
0x2175a,Poor
0x21140,Standard
0x24588,Good
0x22ff8,Standard
0x20769,Standard
0x221c5,Poor
0x25664,Standard
0x218d9,Good
0x256e6,Poor
0x24d81,Poor
0x239fd,Standard
0x20b44,Good
0x24a40,Standard
0x227f2,Standard
0x24e8f,Poor
0x24e61,Standard
0x23df1,Poor
0x224f0,Good
0x206a7,Standard
0x25644,Standard
0x247de,Good
0x21fc1,Standard
0x2489e,Standard
0x2478c,Poor
0x206f1,Good
0x22def,Standard
0x1f38a,Standard
0x1f0e7,Standard
0x24c4f,Good
0x1f4e3,Poor
0x23f88,Standard
0x225c8,Standard
0x21c12,Good
0x1f5bb,Standard
0x205a3,Standard
0x22401,Standard
0x205f2,Poor
0x20a53,Good
0x209a6,Poor
0x200ad,Poor
0x24e32,Poor
0x242e4,Standard
0x204fa,Standard
0x2081c,Good
0x25c28,Good
0x238d2,Standard
0x1f6b0,Standard
0x23fc4,Standard
0x1fd16,Standard
0x224e7,Standard
0x24b22,Good
0x2154c,Poor
0x20490,Poor
0x2229d,Standard
0x20941,Standard
0x20f82,Poor
0x206fa,Good
0x252e1,Good
0x24f45,Poor
0x233f4,Poor
0x22e8e,Poor
0x22314,Standard
0x23df7,Poor
0x2411d,Good
0x232f4,Standard
0x2498c,Standard
0x200b6,Standard
0x24745,Poor
0x2199c,Standard
0x21769,Poor
0x210d7,Good
0x247bd,Good
0x2369c,Standard
0x23022,Standard
0x1f425,Good
0x22268,Poor
0x23760,Good
0x24ffa,Poor
0x1fd40,Standard
0x21eb8,Standard
0x21d1e,Standard
0x1f6f8,Standard
0x1eead,Standard
0x1ec20,Poor
0x22ad9,Standard
0x25e98,Standard
0x24db9,Standard
0x25fdb,Standard
0x20960,Standard
0x23a84,Good
0x1fd0d,Good
0x2048d,Poor
0x245ca,Standard
0x22f4e,Good
0x2474e,Good
0x1ed3f,Standard
0x1f49f,Standard
0x23575,Poor
0x1f0fe,Standard
0x20611,Poor
0x24404,Poor
0x236c0,Good
0x2472a,Standard
0x2115d,Poor
0x2055b,Good
0x1f4fa,Standard
0x2561f,Standard
0x1ebf4,Standard
0x20130,Standard
0x20d54,Poor
0x24eb8,Standard
0x24a13,Good
0x23a37,Standard
0x2216c,Standard
0x22f28,Good
0x2285c,Standard
0x1f514,Good
0x21a1d,Poor
0x1edd5,Poor
0x213be,Standard
0x23562,Standard
0x23962,Good
0x25d70,Standard
0x233a0,Standard
0x2430d,Standard
0x24b8f,Standard
0x247ab,Good
0x23633,Good
0x1ec8c,Standard
0x20b13,Standard
0x1f2af,Standard
0x1f01e,Standard
0x1f3e8,Standard
0x2324f,Good
0x25f3f,Good
0x25df4,Poor
0x25426,Good
0x220de,Poor
0x2004c,Standard
0x22a62,Good
0x257dd,Standard
0x2434f,Poor
0x203b9,Standard
0x1f08b,Standard
0x24757,Poor
0x235ae,Standard
0x25d30,Good
0x253c7,Standard
0x23b80,Good
0x2167e,Standard
0x1fd3b,Good
0x256ab,Standard
0x1ff45,Standard
0x20c4b,Standard
0x245cb,Good
0x24ea7,Standard
0x2526d,Poor
0x236a9,Standard
0x1f668,Standard
0x22e25,Standard
0x204e1,Poor
0x22441,Standard
0x1f1fa,Standard
0x22912,Standard
0x2174c,Good
0x21382,Standard
0x20cb8,Poor
0x1f97d,Poor
0x22509,Poor
0x21a93,Standard
0x20986,Standard
0x249fd,Standard
0x23991,Standard
0x214b0,Standard
0x1eb32,Poor
0x1f7c3,Poor
0x1f216,Standard
0x2078e,Poor
0x20bfe,Standard
0x252de,Good
0x22d93,Poor
0x24c16,Poor
0x24d41,Poor
0x22f6f,Standard
0x209c1,Good
0x229c3,Poor
0x228af,Poor
0x25506,Standard
0x25e31,Standard
0x21fec,Standard
0x1ff5b,Standard
0x23243,Standard
0x1f13d,Standard
0x232a4,Standard
0x20842,Standard
0x212b7,Poor
0x23e38,Standard
0x24c74,Good
0x21a81,Standard
0x21516,Standard
0x23f00,Poor
0x22fdd,Poor
0x23f24,Standard
0x21c8d,Standard
0x25567,Standard
0x25a3d,Poor
0x20a72,Standard
0x20ce3,Poor
0x1f417,Poor
0x1eefb,Poor
0x23273,Standard
0x232ab,Standard
0x256f6,Poor
0x23270,Good
0x21831,Poor
0x2534a,Poor
0x1f2e4,Standard
0x20fef,Standard
0x22f7f,Standard
0x226e7,Standard
0x230e2,Standard
0x2394b,Poor
0x1ecae,Poor
0x23e87,Standard
0x229d4,Standard
0x250a3,Standard
0x24249,Standard
0x2555a,Poor
0x24f0c,Standard
0x22836,Poor
0x21c85,Standard
0x203e2,Standard
0x23b02,Standard
0x2206e,Standard
0x24d03,Standard
0x257e2,Good
0x21f1f,Poor
0x1f149,Standard
0x2543c,Standard
0x257b9,Poor
0x1f4d0,Standard
0x254c1,Poor
0x25cc8,Standard
0x228fc,Standard
0x24a5b,Good
0x1f6c6,Standard
0x21854,Standard
0x21fbd,Standard
0x2148a,Poor
0x25158,Standard
0x231d6,Good
0x25e30,Standard
0x2007d,Poor
0x21e54,Standard
0x23a80,Poor
0x1f3ff,Standard
0x25bbf,Standard
0x24f30,Good
0x1f97f,Poor
0x22e09,Good
0x25934,Standard
0x205ec,Standard
0x22a3f,Standard
0x1f1c4,Good
0x23e9f,Standard
0x22f4f,Standard
0x23e73,Standard
0x2298b,Good
0x22c39,Standard
0x2362e,Standard
0x23783,Standard
0x25def,Standard
0x2123e,Standard
0x1f70e,Good
0x1fe2d,Good
0x246b5,Poor
0x200ac,Poor
0x22933,Poor
0x24f8b,Good
0x2547c,Poor
0x24516,Standard
0x1f763,Poor
0x23617,Standard
0x2183c,Good
0x1f53b,Standard
0x1ff03,Good
0x20394,Poor
0x1f71d,Good
0x1fc38,Standard
0x21164,Standard
0x232ba,Good
0x20aa9,Poor
0x1fae8,Poor
0x20387,Poor
0x234ec,Standard
0x25440,Standard
0x22ea5,Standard
0x1fd0e,Standard
0x2360a,Good
0x23e92,Standard
0x1eda3,Poor
0x212ee,Good
0x20bac,Standard
0x24e85,Standard
0x22124,Standard
0x22d24,Standard
0x201a2,Good
0x2484a,Standard
0x24375,Good
0x20545,Standard
0x259a2,Standard
0x1f8f7,Good
0x25f7b,Standard
0x1f97c,Standard
0x25ac4,Standard
0x22e60,Poor
0x2459d,Good
0x2035f,Poor
0x21d57,Standard
0x226e8,Standard
0x25bc6,Good
0x2181c,Standard
0x244c9,Poor
0x207f7,Standard
0x2495a,Standard
0x1f14d,Good
0x24d4b,Standard
0x25388,Poor
0x246df,Standard
0x23af8,Standard
0x21442,Standard
0x25e8b,Good
0x20820,Standard
0x2499c,Standard
0x25201,Standard
0x1ed21,Standard
0x21078,Good
0x21c9c,Standard
0x22281,Standard
0x24fe4,Good
0x25dcd,Standard
0x215fe,Standard
0x1fd77,Poor
0x24b0c,Standard
0x1ed1e,Good
0x218ee,Standard
0x2256b,Standard
0x23413,Poor
0x24e27,Good
0x1f7e9,Good
0x20460,Standard
0x1ece0,Standard
0x25ea6,Standard
0x21436,Poor
0x25208,Standard
0x20565,Standard
0x24c15,Standard
0x23aba,Standard
0x249cc,Standard
0x23eda,Standard
0x20245,Poor
0x21ea9,Good
0x1eefc,Standard
0x2332f,Poor
0x223f6,Good
0x24edb,Poor
0x1f8d6,Standard
0x24c53,Poor
0x1f937,Good
0x22583,Good
0x1f8b5,Good
0x25433,Good
0x1f869,Poor
0x21e9a,Standard
0x20fab,Poor
0x2429e,Good
0x24158,Poor
0x23edb,Standard
0x21ac5,Good
0x24168,Standard
0x2523a,Poor
0x20b64,Poor
0x24fe3,Good
0x223ed,Standard
0x1fcb0,Standard
0x255a8,Good
0x1fc9f,Standard
0x22574,Good
0x2460d,Standard
0x201ec,Standard
0x1f4a0,Standard
0x202cf,Poor
0x23829,Standard
0x1fcba,Poor
0x24ebe,Standard
0x230d7,Poor
0x22246,Standard
0x1fe2a,Good
0x25bae,Poor
0x1eeb5,Standard
0x21975,Standard
0x225bb,Good
0x209b8,Standard
0x211b1,Standard
0x24dd2,Standard
0x24f2f,Standard
0x20453,Standard
0x248d0,Poor
0x1f59c,Standard
0x245d6,Poor
0x207e3,Poor
0x2147d,Good
0x1efbf,Poor
0x209fc,Standard
0x1ff44,Standard
0x25dbe,Poor
0x22d33,Poor
0x22a49,Standard
0x204ca,Good
0x2160c,Standard
0x251a8,Standard
0x1f157,Standard
0x2043b,Poor
0x23c2e,Standard
0x21139,Good
0x2546c,Standard
0x2412d,Poor
0x21d99,Poor
0x1ff43,Standard
0x22697,Standard
0x25217,Standard
0x244cf,Standard
0x21324,Good
0x219cc,Poor
0x2249b,Good
0x21b46,Standard
0x24ce0,Standard
0x23a15,Good
0x204c7,Poor
0x259c4,Standard
0x1f179,Poor
0x23a69,Good
0x252f6,Good
0x20d53,Standard
0x20694,Poor
0x23d80,Good
0x23f1d,Standard
0x257e6,Good
0x236fe,Standard
0x23a85,Poor
0x2391b,Good
0x1f86c,Standard
0x1f5c6,Standard
0x20b57,Poor
0x2213d,Standard
0x2049c,Standard
0x227c5,Standard
0x24c5c,Standard
0x20dba,Standard
0x23ed2,Standard
0x20f02,Poor
0x23b37,Standard
0x227cb,Standard
0x225be,Standard
0x20332,Standard
0x248b2,Poor
0x1f538,Standard
0x256f7,Standard
0x1ebb4,Standard
0x20d2a,Poor
0x229df,Standard
0x2211c,Standard
0x25dce,Poor
0x23b05,Poor
0x219e4,Standard
0x21b59,Poor
0x24d45,Standard
0x226ff,Poor
0x25a62,Poor
0x20b7a,Standard
0x23809,Standard
0x1fe79,Standard
0x25783,Good
0x2474b,Standard
0x24d20,Standard
0x23f02,Standard
0x228d5,Standard
0x233c2,Standard
0x25cc9,Standard
0x2558e,Good
0x1f099,Poor
0x21ae7,Standard
0x1f8e5,Standard
0x25c33,Standard
0x20176,Poor
0x21f66,Poor
0x204d7,Standard
0x25ca3,Good
0x23e41,Poor
0x1fb45,Poor
0x1f447,Standard
0x2296f,Good
0x24a6e,Good
0x24c44,Poor
0x2289d,Poor
0x21f31,Poor
0x24c5b,Standard
0x1f9c8,Good
0x1f40d,Standard
0x1f726,Standard
0x25fa0,Standard
0x2245e,Poor
0x24efb,Standard
0x23229,Standard
0x221ef,Standard
0x230b2,Standard
0x25b0a,Standard
0x25a0b,Standard
0x253f9,Standard
0x23f1c,Standard
0x22067,Standard
0x24c0c,Standard
0x2073d,Standard
0x22506,Standard
0x23ff1,Standard
0x21cde,Poor
0x1fa1b,Good
0x22779,Good
0x1f808,Poor
0x24abb,Standard
0x1fa78,Standard
0x24d29,Good
0x2426f,Good
0x1ff28,Good
0x209f2,Standard
0x23a5f,Standard
0x22471,Good
0x20c84,Poor
0x2585b,Standard
0x257da,Standard
0x240b2,Good
0x1f7c1,Standard
0x25b00,Standard
0x1f7e2,Poor
0x22ed2,Good
0x2558d,Poor
0x24cd2,Poor
0x23e8c,Standard
0x22157,Good
0x20cf2,Standard
0x21dc4,Standard
0x25393,Standard
0x22df3,Poor
0x1fff8,Poor
0x25e42,Standard
0x24802,Standard
0x253a3,Good
0x21bce,Good
0x20a5c,Standard
0x233ee,Standard
0x20275,Standard
0x1eb91,Poor
0x220e9,Standard
0x23dee,Standard
0x1ed7f,Poor
0x240ec,Poor
0x21488,Standard
0x203e6,Standard
0x226e6,Standard
0x2087e,Poor
0x259bc,Good
0x2088b,Good
0x22b99,Poor
0x207d2,Standard
0x227ff,Standard
0x24bbf,Standard
0x1f553,Standard
0x1f07b,Good
0x22fbb,Good
0x22877,Good
0x1f9e9,Standard
0x222b5,Poor
0x2486b,Poor
0x25fc7,Standard
0x24586,Poor
0x21c43,Poor
0x255a2,Poor
0x229db,Standard
0x20e56,Standard
0x24c0d,Standard
0x2557e,Poor
0x249ec,Standard
0x1fc41,Standard
0x21ee4,Good
0x20558,Standard
0x25da6,Poor
0x24fe5,Standard
0x22c13,Standard
0x25a00,Standard
0x23b1e,Standard
0x20b72,Standard
0x2528f,Poor
0x216bb,Standard
0x20596,Poor
0x1fba9,Standard
0x1f04a,Standard
0x225cb,Standard
0x1fa3a,Good
0x2048c,Poor
0x25274,Standard
0x25c65,Good
0x242d0,Standard
0x258ca,Standard
0x1f134,Good
0x2027e,Standard
0x25eee,Standard
0x21e24,Poor
0x219ea,Standard
0x1fb77,Poor
0x25d01,Standard
0x2358b,Good
0x24bcd,Good
0x1fbfc,Poor
0x23c9d,Poor
0x23520,Standard
0x2567a,Standard
0x23774,Poor
0x25446,Poor
0x20c91,Good
0x254ad,Standard
0x20a47,Standard
0x25f13,Standard
0x1f842,Good
0x2225b,Good
0x25b07,Good
0x1ed63,Standard
0x22448,Standard
0x1fdb7,Standard
0x22dcc,Standard
0x216b2,Standard
0x25a9a,Poor
0x1fe17,Poor
0x22b3a,Standard
0x22cff,Standard
0x1fd91,Standard
0x2389e,Good
0x22dbf,Standard
0x1fb98,Good
0x2260e,Standard
0x23688,Standard
0x22c03,Good
0x24353,Good
0x23598,Standard
0x2357c,Good
0x239b9,Standard
0x1eba9,Standard
0x24f84,Standard
0x20df9,Standard
0x22d46,Standard
0x2456d,Standard
0x21565,Standard
0x247b0,Good
0x21d8b,Poor
0x25d23,Standard
0x22f35,Standard
0x1fe51,Standard
0x22914,Standard
0x23cc4,Standard
0x24b24,Poor
0x21262,Standard
0x1ee71,Standard
0x20dbf,Poor
0x20566,Standard
0x1fced,Poor
0x2474d,Standard
0x23dde,Standard
0x25b73,Standard
0x21e3a,Poor
0x23cb7,Poor
0x24c9a,Poor
0x25cb7,Standard
0x2366a,Standard
0x1eeca,Standard
0x24f0b,Standard
0x25284,Good
0x1fcd3,Standard
0x21ea1,Standard
0x1ec3c,Standard
0x1ef16,Good
0x201a3,Good
0x20ad9,Good
0x1f40c,Good
0x21f7e,Standard
0x24ec3,Standard
0x24918,Good
0x200e6,Good
0x243d3,Standard
0x24a56,Standard
0x1fb21,Standard
0x1feb1,Standard
0x21440,Standard
0x2421b,Good
0x25596,Good
0x24ac4,Poor
0x217ce,Standard
0x23e4b,Standard
0x21381,Poor
0x236e7,Standard
0x2028c,Poor
0x200d7,Poor
0x24944,Standard
0x257e5,Standard
0x24350,Standard
0x2268b,Standard
0x23dbe,Standard
0x23233,Poor
0x1f85a,Good
0x235ad,Good
0x1f5a6,Poor
0x250b9,Poor
0x232a2,Standard
0x202da,Good
0x23ca8,Standard
0x25007,Poor
0x259db,Good
0x25cf2,Poor
0x20424,Good
0x2391a,Standard
0x20abd,Standard
0x1f944,Poor
0x22612,Standard
0x1fa7c,Standard
0x21de9,Poor
0x249e4,Standard
0x1efcd,Poor
0x24de0,Poor
0x20652,Standard
0x23bf4,Poor
0x24480,Standard
0x221b9,Standard
0x23622,Standard
0x1f821,Good
0x230bf,Poor
0x1fdcb,Good
0x1ffb8,Standard
0x1fbd7,Poor
0x1f74d,Good
0x23431,Standard
0x1f449,Standard
0x1f633,Standard
0x1f0ab,Standard
0x21a6f,Standard
0x2045c,Standard
0x20838,Poor
0x1ef49,Good
0x208db,Standard
0x2105b,Standard
0x20857,Good
0x1eb5e,Good
0x20030,Standard
0x2072b,Good
0x211df,Standard
0x24361,Good
0x20227,Poor
0x2143e,Standard
0x20b4c,Standard
0x2075a,Poor
0x24379,Poor
0x25ea8,Good
0x24201,Good
0x1ec0c,Standard
0x2247d,Standard
0x24c22,Poor
0x25583,Standard
0x227b2,Standard
0x22c0f,Standard
0x20485,Good
0x1f515,Good
0x21a8d,Standard
0x223ac,Standard
0x20a82,Standard
0x204ee,Good
0x254b9,Standard
0x206fb,Poor
0x206e5,Poor
0x1f9c6,Standard
0x21e62,Standard
0x21e6c,Standard
0x20191,Good
0x230a6,Standard
0x20f0a,Poor
0x23136,Poor
0x23c77,Poor
0x24fc6,Standard
0x20caa,Good
0x1f0b9,Standard
0x1fb8b,Good
0x228d6,Standard
0x237fb,Poor
0x24d9e,Poor
0x23556,Standard
0x2022b,Standard
0x22a78,Poor
0x2164f,Standard
0x22e3b,Standard
0x25b55,Standard
0x1f80c,Standard
0x21263,Standard
0x22c28,Standard
0x1f6a3,Good
0x22cbb,Standard
0x20e51,Poor
0x20504,Standard
0x24bf5,Standard
0x23513,Standard
0x226ea,Standard
0x2415a,Poor
0x23355,Standard
0x23aa3,Good
0x2228b,Poor
0x21199,Standard
0x251fc,Standard
0x2257e,Standard
0x212ff,Good
0x2131f,Poor
0x2576d,Standard
0x2006a,Standard
0x24ad0,Standard
0x212cb,Standard
0x2189b,Good
0x1fbd2,Poor
0x25981,Standard
0x1f364,Standard
0x24051,Poor
0x205c6,Poor
0x202b7,Good
0x2481c,Standard
0x20a5e,Standard
0x20089,Good
0x1f94f,Standard
0x1ff4b,Good
0x21787,Good
0x22e80,Poor
0x209e3,Standard
0x207b4,Standard
0x254b8,Standard
0x25014,Standard
0x23ff3,Poor
0x24189,Standard
0x24f83,Poor
0x1edf6,Good
0x1ff4a,Standard
0x2571b,Poor
0x2077e,Poor
0x23aaf,Poor
0x25c62,Standard
0x1f282,Good
0x23d76,Standard
0x23ad7,Standard
0x23b7a,Standard
0x22416,Good
0x20d96,Standard
0x1ef0c,Standard
0x234bd,Poor
0x2376c,Standard
0x2007a,Standard
0x237f9,Good
0x24d1d,Poor
0x2036d,Standard
0x255d6,Poor
0x229ff,Standard
0x25b96,Good
0x24cc1,Standard
0x249e1,Standard
0x248d9,Poor
0x21e3c,Standard
0x21f2a,Standard
0x23144,Poor
0x1ef0a,Poor
0x2252f,Poor
0x2171d,Good
0x21b9f,Good
0x205c5,Standard
0x2324d,Standard
0x2584f,Good
0x21c84,Poor
0x1fb09,Poor
0x21c66,Standard
0x22ea9,Poor
0x25b75,Good
0x239d7,Standard
0x21853,Poor
0x22014,Poor
0x20acd,Standard
0x237b2,Standard
0x203a9,Good
0x22cd0,Poor
0x22da8,Poor
0x1fd9f,Standard
0x22606,Standard
0x236ab,Standard
0x22231,Poor
0x1f493,Standard
0x1efa9,Standard
0x25012,Standard
0x20d46,Standard
0x23cf4,Poor
0x24fc9,Standard
0x22d61,Standard
0x24a5a,Standard
0x23afb,Standard
0x1fac4,Poor
0x1ffd5,Standard
0x1f2c0,Standard
0x25c8b,Standard
0x1f42f,Standard
0x20243,Poor
0x24e3c,Good
0x1ffd2,Standard
0x1fac3,Standard
0x202dc,Standard
0x1fe25,Standard
0x223c9,Poor
0x21c08,Good
0x24105,Poor
0x245a1,Standard
0x1ec90,Poor
0x1f762,Standard
0x22f70,Standard
0x1f1be,Standard
0x23352,Poor
0x1ed57,Standard
0x2384d,Poor
0x25bd9,Poor
0x23ce8,Poor
0x1f4fb,Standard
0x2238c,Poor
0x24a32,Good
0x1f8d2,Standard
0x233b7,Good
0x21da4,Standard
0x22dc1,Standard
0x24921,Poor
0x2211b,Good
0x2180d,Standard
0x22b76,Standard
0x21ec0,Poor
0x2275f,Standard
0x2223c,Standard
0x22d4a,Standard
0x22419,Standard
0x25994,Poor
0x1ec31,Poor
0x21339,Standard
0x22724,Standard
0x2100b,Poor
0x1f819,Standard
0x21a6e,Good
0x1f73f,Poor
0x1f244,Standard
0x25ba2,Poor
0x203c2,Poor
0x2598b,Standard
0x21ca6,Standard
0x21b79,Standard
0x1ecd8,Standard
0x24e6a,Standard
0x22f34,Standard
0x1efd5,Poor
0x246b1,Poor
0x22b91,Poor
0x2189c,Standard
0x225fc,Poor
0x20213,Standard
0x25d03,Poor
0x1f4e6,Standard
0x22555,Standard
0x1ef46,Good
0x20e43,Standard
0x20e7d,Standard
0x1f3d1,Standard
0x23873,Standard
0x20e98,Standard
0x24e52,Standard
0x23041,Poor
0x22e6c,Good
0x224a7,Poor
0x22332,Standard
0x24308,Good
0x246a9,Good
0x21709,Good
0x23db2,Standard
0x21764,Good
0x2352c,Standard
0x2474f,Standard
0x1f8df,Good
0x23305,Standard
0x1ebd9,Good
0x233aa,Poor
0x208a3,Standard
0x23ec3,Standard
0x21ef5,Poor
0x22427,Standard
0x226b9,Poor
0x25d2f,Standard
0x25b5e,Poor
0x21eab,Standard
0x25374,Good
0x2156e,Poor
0x24bd6,Good
0x25c51,Standard
0x25dc0,Standard
0x1eb53,Standard
0x224d6,Standard
0x1f8cc,Poor
0x1fb13,Standard
0x1f6e7,Poor
0x2404f,Standard
0x236ce,Poor
0x24d39,Standard
0x23720,Poor
0x1feba,Standard
0x1f8a9,Poor
0x2098e,Standard
0x1ed4a,Standard
0x1f591,Poor
0x20265,Standard
0x235a3,Poor
0x20150,Good
0x1f2e1,Standard
0x252c8,Standard
0x1f336,Standard
0x2079a,Standard
0x238a0,Poor
0x2576f,Standard
0x247d2,Standard
0x24f7f,Poor
0x250ba,Poor
0x240bd,Poor
0x200a7,Good
0x21e49,Poor
0x23a06,Standard
0x1fa04,Standard
0x247b8,Good
0x20ef4,Poor
0x1f732,Poor
0x1ee29,Standard
0x23bac,Standard
0x2454b,Poor
0x25e83,Poor
0x2409b,Poor
0x1fc35,Poor
0x1eba1,Good
0x218b5,Good
0x2588d,Poor
0x21742,Standard
0x1f25c,Poor
0x23ea1,Standard
0x2505a,Poor
0x200d1,Good
0x225e5,Standard
0x215b5,Poor
0x1f41b,Standard
0x246d7,Standard
0x248ab,Poor
0x24811,Standard
0x1f898,Poor
0x1f8c0,Poor
0x21128,Standard
0x20dd9,Poor
0x21481,Poor
0x20cdc,Standard
0x242ff,Standard
0x2542e,Standard
0x24614,Good
0x239c5,Standard
0x2229c,Standard
0x25779,Poor
0x2135b,Standard
0x2484d,Standard
0x2210d,Good
0x21b0d,Poor
0x2105f,Good
0x2440e,Standard
0x23d97,Poor
0x23827,Good
0x23c89,Poor
0x1fafa,Standard
0x1f069,Good
0x24c3a,Standard
0x23988,Good
0x20581,Poor
0x229c2,Standard
0x25495,Good
0x2301c,Standard
0x23f03,Standard
0x242c5,Poor
0x2584e,Standard
0x201d3,Standard
0x24a2a,Standard
0x25878,Standard
0x216e5,Poor
0x24fb3,Poor
0x20018,Standard
0x24fbe,Standard
0x2321a,Standard
0x2258f,Good
0x24739,Standard
0x1fdc1,Good
0x2169a,Standard
0x1f40a,Good
0x21d1a,Standard
0x2572f,Standard
0x20ed1,Standard
0x24fc1,Standard
0x1f0b8,Standard
0x1ff58,Poor
0x25373,Standard
0x22368,Standard
0x214f9,Standard
0x1fa1c,Standard
0x1ed05,Standard
0x25e99,Good
0x25311,Standard
0x25b0d,Standard
0x210c7,Standard
0x1f042,Poor
0x23893,Poor
0x2397d,Poor
0x233b3,Good
0x212ad,Poor
0x1ed12,Standard
0x24947,Poor
0x23869,Good
0x21ed1,Poor
0x2110f,Standard
0x24e26,Good
0x2083f,Good
0x2576a,Good
0x202b9,Poor
0x1f9b0,Good
0x23238,Poor
0x231bc,Standard
0x20977,Good
0x24d2a,Standard
0x21882,Poor
0x23bec,Good
0x2399b,Good
0x2317f,Standard
0x1f8a6,Standard
0x2335f,Poor
0x1fa52,Standard
0x1fc97,Poor
0x20e65,Standard
0x1ffeb,Standard
0x1ff42,Standard
0x25730,Standard
0x24f5b,Standard
0x25daa,Good
0x2494e,Standard
0x247f9,Poor
0x209ee,Standard
0x240ee,Poor
0x1f337,Standard
0x24a2d,Poor
0x2528a,Standard
0x22d4b,Poor
0x20f11,Standard
0x25250,Good
0x205a5,Good
0x258c7,Standard
0x23e5c,Good
0x25e5e,Standard
0x23ef2,Standard
0x21e23,Standard
0x25d89,Standard
0x23afa,Poor
0x244ce,Standard
0x252d7,Good
0x21e6f,Poor
0x25b01,Standard
0x24aeb,Standard
0x2390d,Standard
0x25b85,Poor
0x23c0a,Standard
0x1f48e,Poor
0x2347f,Poor
0x225d4,Good
0x240cd,Standard
0x22525,Good
0x1f034,Good
0x222f7,Standard
0x1ed1b,Good
0x21e41,Good
0x21ffa,Standard
0x22f65,Good
0x20c27,Standard
0x2163a,Poor
0x2176f,Standard
0x213d2,Standard
0x24c76,Standard
0x20940,Poor
0x200f1,Standard
0x21a15,Good
0x21b93,Standard
0x248ef,Standard
0x1f9e7,Good
0x24c19,Standard
0x22cdf,Poor
0x20589,Standard
0x23fc3,Standard
0x231fd,Poor
0x22edf,Poor
0x1f542,Good
0x21ef0,Standard
0x205ab,Good
0x23abd,Standard
0x1f866,Good
0x251e6,Standard
0x25c93,Standard
0x2553b,Good
0x21c51,Standard
0x1fa70,Standard
0x25523,Good
0x23fb2,Poor
0x21f5d,Standard
0x1f988,Good
0x1ebab,Good
0x21f79,Standard
0x24879,Poor
0x243bd,Standard
0x21b33,Standard
0x23bfe,Standard
0x23ed5,Poor
0x25a9b,Standard
0x2210a,Poor
0x23a73,Good
0x24e65,Good
0x209ff,Good
0x24096,Standard
0x1edea,Standard
0x23e02,Standard
0x227b4,Standard
0x25c3e,Standard
0x25f36,Poor
0x258be,Standard
0x25af3,Poor
0x205a0,Good
0x21290,Poor
0x231fc,Standard
0x217a4,Standard
0x22f4d,Poor
0x1fe01,Standard
0x241a1,Poor
0x2264c,Good
0x1ef22,Good
0x25419,Standard
0x229f8,Standard
0x23b51,Good
0x219fa,Standard
0x1f129,Poor
0x1ffa5,Standard
0x217e9,Standard
0x25c59,Standard
0x23b4f,Poor
0x1ec30,Standard
0x1eaf4,Poor
0x25ac3,Standard
0x24e1a,Good
0x23b1d,Poor
0x25456,Poor
0x23b26,Standard
0x249c7,Standard
0x2000f,Good
0x20a5b,Poor
0x1eb6f,Standard
0x25842,Standard
0x1fc59,Standard
0x25656,Standard
0x20124,Standard
0x25dcc,Good
0x23152,Good
0x212f3,Standard
0x2552f,Poor
0x20082,Poor
0x20edc,Standard
0x219c7,Poor
0x243cc,Standard
0x21832,Standard
0x24ca8,Standard
0x22ec7,Standard
0x1f8c9,Good
0x2258c,Standard
0x21eb7,Standard
0x25177,Poor
0x25f5b,Good
0x21e5f,Standard
0x203b2,Good
0x22d94,Poor
0x22e19,Standard
0x21f00,Standard
0x223f9,Poor
0x232a0,Poor
0x22b8b,Standard
0x25006,Poor
0x20db3,Good
0x233d9,Poor
0x22a7b,Standard
0x21b7a,Good
0x25b17,Good
0x25bfd,Good
0x2355c,Good
0x22cba,Standard
0x242b3,Poor
0x225af,Good
0x253c5,Poor
0x243a9,Good
0x24dc6,Good
0x1ff15,Poor
0x23870,Poor
0x22d0f,Standard
0x25a82,Standard
0x21e0d,Standard
0x208c6,Good
0x1f10b,Standard
0x2534b,Standard
0x24e54,Poor
0x23cd7,Standard
0x25fc8,Poor
0x23653,Standard
0x1fc11,Poor
0x202d0,Good
0x21f67,Good
0x2324a,Poor
0x2308f,Good
0x24510,Standard
0x25748,Poor
0x2216b,Standard
0x20a50,Standard
0x1f2cc,Standard
0x1ee32,Poor
0x20c34,Good
0x2495c,Poor
0x204a2,Standard
0x207bf,Good
0x1f5b0,Standard
0x1f939,Standard
0x250d5,Standard
0x2213b,Poor
0x235bc,Poor
0x242cc,Standard
0x1f2ee,Standard
0x23738,Poor
0x243e5,Standard
0x1fe3d,Standard
0x24427,Good
0x2115c,Good
0x1f522,Standard
0x214ae,Poor
0x1f428,Good
0x1f1b6,Standard
0x21644,Standard
0x225f7,Standard
0x21a97,Good
0x246e4,Poor
0x24b9d,Standard
0x22522,Good
0x21360,Good
0x20ce7,Standard
0x20295,Standard
0x24f82,Poor
0x20469,Standard
0x24be7,Standard
0x1f2ec,Good
0x21ab6,Standard
0x203d7,Poor
0x25f65,Good
0x22d0b,Standard
0x2549b,Poor
0x250ea,Good
0x203f5,Standard
0x21fd9,Standard
0x24d4f,Poor
0x24053,Standard
0x23932,Good
0x21d3e,Poor
0x1fde5,Standard
0x20f2f,Good
0x238f7,Poor
0x25d52,Poor
0x20cfd,Poor
0x1f6b8,Standard
0x21571,Standard
0x1fe38,Standard
0x2428e,Good
0x1ef12,Standard
0x1ee82,Poor
0x23aca,Standard
0x227b6,Poor
0x2362f,Standard
0x25aef,Standard
0x25807,Standard
0x253c8,Good
0x25883,Poor
0x20a37,Standard
0x22087,Standard
0x24524,Good
0x233ff,Good
0x25a6d,Good
0x22cbd,Standard
0x2358d,Standard
0x21876,Standard
0x2415d,Good
0x222a5,Good
0x2307a,Poor
0x23ba2,Standard
0x25d54,Standard
0x239e9,Poor
0x2419f,Good
0x2093c,Good
0x1f12e,Standard
0x20984,Good
0x20b42,Good
0x25340,Standard
0x2457a,Poor
0x1fbf9,Poor
0x2414f,Standard
0x1f5de,Poor
0x231a8,Poor
0x24d1b,Good
0x2575e,Good
0x23bce,Poor
0x20df0,Poor
0x222bd,Standard
0x25dfb,Good
0x20d22,Good
0x24789,Standard
0x20ad4,Standard
0x232de,Poor
0x24be2,Standard
0x200c4,Standard
0x201cb,Standard
0x1f79b,Standard
0x255f1,Good
0x1ef07,Standard
0x25518,Poor
0x21697,Standard
0x25ef9,Good
0x223b0,Poor
0x2054f,Good
0x1f880,Standard
0x21138,Standard
0x234b4,Good
0x21f46,Good
0x1f531,Standard
0x232b6,Good
0x232c3,Standard
0x1f3ed,Good
0x20c30,Standard
0x24c46,Good
0x1f560,Standard
0x2255f,Standard
0x25cda,Standard
0x25b91,Standard
0x2158e,Standard
0x23da4,Good
0x22056,Good
0x214ab,Good
0x1f381,Poor
0x240ea,Standard
0x24f48,Good
0x249b0,Standard
0x259f6,Good
0x20ec6,Standard
0x22f36,Standard
0x238c8,Good
0x223eb,Standard
0x1fa33,Good
0x241b9,Poor
0x2039c,Standard
0x2331a,Standard
0x2150a,Poor
0x20c6d,Standard
0x20cc1,Standard
0x21acf,Poor
0x21d38,Good
0x25e68,Standard
0x1f63f,Standard
0x24823,Standard
0x2304d,Standard
0x1fbef,Poor
0x24da3,Poor
0x25db3,Standard
0x1ec49,Good
0x21f0d,Standard
0x1ecfc,Poor
0x2150d,Standard
0x228df,Standard
0x25539,Standard
0x207a8,Standard
0x24398,Poor
0x22163,Good
0x21fe1,Standard
0x2591d,Standard
0x213b4,Poor
0x25bb4,Good
0x20768,Standard
0x1f208,Standard
